{"cameraMode":{"drawMode":0,"name":"Shaded","section":"Shading Mode"},"sceneLighting":true,"audioPlay":false,"sceneViewState":{"m_AlwaysRefresh":false,"showFog":true,"showSkybox":true,"showFlares":true,"showImageEffects":true,"showParticleSystems":true,"showVisualEffectGraphs":true,"m_FxEnabled":true},"in2DMode":false,"pivot":{"x":-0.38493072986602785,"y":0.12910163402557374,"z":-1.3997766971588135},"rotation":{"x":-0.15401624143123628,"y":0.14380402863025666,"z":-0.022662507370114328,"w":-0.977286159992218},"size":3.3119280338287355,"orthographic":false}