{"cameraMode":{"drawMode":0,"name":"Shaded","section":"Shading Mode"},"sceneLighting":true,"audioPlay":false,"sceneViewState":{"m_AlwaysRefresh":false,"showFog":true,"showSkybox":true,"showFlares":true,"showImageEffects":true,"showParticleSystems":true,"showVisualEffectGraphs":true,"m_FxEnabled":true},"in2DMode":false,"pivot":{"x":0.2854452133178711,"y":0.7868852019309998,"z":0.060830503702163699},"rotation":{"x":0.051557935774326327,"y":0.8326465487480164,"z":0.07865996658802033,"w":-0.5457605123519898},"size":0.6289629936218262,"orthographic":false}